run,timestamp,difficulty,model,cells,avg_cosine_similarity,avg_value_coverage,full_coverage_rate,avg_item_consistency,observable_consistency_rate,response_type_accuracy,median_latency,p90_latency
20260809-200156__phase2__easy,20260809-200156,easy,llama3.2:3b,900,0.9279,0.8933,0.816,0.997,0.9292,0.9722,5.25,12.625
20260809-200156__phase2__easy,20260809-200156,easy,qwen2.5:3b,900,0.9469,0.9949,0.9642,1.0,1.0,0.9933,4.717,10.789
20260809-200156__phase2__easy,20260809-200156,easy,gemma3:4b,900,0.9594,0.9907,0.963,1.0,1.0,1.0,6.373,16.383
20260809-200156__phase2__easy,20260809-200156,easy,phi4-mini:3.8b,900,0.9308,0.9071,0.8556,0.9933,0.8292,0.9678,5.434,12.524
20260810-085603__phase2__medium,20260810-085603,medium,llama3.2:3b,900,0.9181,0.8992,0.7975,0.9963,0.8476,0.9911,6.024,9.212
20260810-085603__phase2__medium,20260810-085603,medium,qwen2.5:3b,900,0.9186,0.9534,0.9012,1.0,1.0,0.9711,5.379,8.591
20260810-085603__phase2__medium,20260810-085603,medium,gemma3:4b,900,0.9643,0.977,0.8889,0.927,1.0,1.0,6.954,10.169
20260810-085603__phase2__medium,20260810-085603,medium,phi4-mini:3.8b,900,0.9148,0.8812,0.7827,0.8782,0.8048,0.9944,6.154,9.779
20260811-102307__phase2__hard,20260811-102307,hard,llama3.2:3b,900,0.9139,0.9192,0.7938,1.0,0.9048,1.0,5.986,8.975
20260811-102307__phase2__hard,20260811-102307,hard,qwen2.5:3b,900,0.8989,0.9198,0.821,1.0,0.8952,0.9689,5.157,8.863
20260811-102307__phase2__hard,20260811-102307,hard,gemma3:4b,900,0.959,0.9815,0.963,1.0,1.0,1.0,6.899,9.693
20260811-102307__phase2__hard,20260811-102307,hard,phi4-mini:3.8b,900,0.9168,0.8819,0.7815,0.9516,0.7381,0.99,6.021,8.867
